年度,問題番号,カテゴリ,出題法令,問題文,選択肢1,選択肢2,選択肢3,選択肢4,正解
令和7年度,1,権利関係,民法（物権変動・登記）,所有者AがBに甲土地を売却し、その後にBがCに甲土地を売却した場合に関する次の記述のうち、民法の規定及び判例によれば、正しいものはどれか。なお、Cは背信的悪意者ではないものとする。,甲土地の所有権登記がAの名義のままであったとしても、BはCに甲土地を売却した後は、Aに対して自己に甲土地の所有権移転登記をするよう請求することはできない。,Cは、甲土地の所有権移転登記を備えなければ、Aに対して自己が所有者であることを主張することができない。,AB間の売買契約が、BC間の売買契約締結よりも前にAにより解除されていた場合、又は、BC間の売買契約締結後にAにより解除された場合のいずれの場合であっても、Cは、甲土地の所有権移転登記を備えれば、Aに対して自己の所有権を主張することができる。,AB間の売買契約が、BC間の売買契約よりも前にBの強迫を理由として取り消されていた場合、又は、BC間の売買契約締結後にBの強迫を理由として取り消された場合のいずれの場合であっても、Cは、Bの強迫につき善意でかつ過失がなければ、Aに対して自己の所有権を主張することができる。,3
令和7年度,2,権利関係,民法（保証・連帯保証）,個人であるAが、①賃貸人Bと賃借人Cとの間の期間を2年とする居住用甲建物の賃貸借契約に基づくCの一切の債務の連帯保証契約をBと締結した場合、②売主Dと買主Eとの間の居住用乙建物の売買契約に基づく代金支払債務の保証契約をDと締結した場合、に関する次の記述のうち、民法の規定によれば、正しいものはどれか。,①の連帯保証契約は書面によってしなければ無効であるのに対し、②の保証契約は書面によらず、口頭で契約を締結しても有効である。,①のBがAに対して連帯保証債務の履行を請求してきた場合には、AはまずCに請求するように主張できるのに対し、②のDがAに対して保証債務の履行を請求してきた場合には、AはまずEに請求するように主張することはできない。,①の連帯保証契約は保証の限度額である極度額を定めなければ無効であるのに対し、②の保証契約は極度額を定める必要はない。,①も②もAが主たる債務者C及びEの委託を受けて保証した場合において、Aが債権者B及びDに対して主たる債務の履行状況に関する情報を提供するよう請求したときは、①のBは、これらの情報を、遅滞なく、Aに提供しなければならないのに対し、②のDは、守秘義務を理由にこれらの情報の提供を拒否することができる。,3
令和7年度,3,権利関係,民法（意思表示）,意思表示に関する次の記述のうち、民法の規定によれば、誤っているものはいくつあるか。ア：表意者が真意でないことを知ってした意思表示は無効であるが、相手方がその意思表示が表意者の真意ではないことを知らなければ、知らないことにつき過失があっても、当該意思表示は有効となる。イ：相手方と通じてした虚偽の意思表示は無効であり、第三者がその虚偽表示につき善意であっても、過失があれば、当該第三者にその無効を対抗することができる。ウ：意思表示は、当該意思表示に対応する意思を欠く錯誤に基づくものであって、その錯誤が法律行為の目的及び取引上の社会通念に照らして重要なものであるときは、無効であるが、その錯誤につき善意でかつ過失がない第三者には、その無効を対抗することができない。エ：詐欺による意思表示は取り消すことができるが、その詐欺につき善意でかつ過失がない取消し前の第三者には、その取消しを対抗することができない。,一つ,二つ,三つ,四つ,3
令和7年度,4,権利関係,民法（担保物権・相殺）,"AがBから弁済の期限の定めなく金1,000万円を借り入れる金銭消費貸借契約（本件契約）における次の記述のうち、民法の規定及び判例によれば、正しいものはどれか。",Aは、本件契約におけるAの債務を担保するために、Aが所有する不動産に対し、Bのために、抵当権を設定することはできるが、質権を設定することはできない。,Aが本件契約に基づく債務の弁済を怠ったときに、BがAから預かっている動産を占有している場合には、Bは当該動産の返還時期が到来しても弁済を受けるまでその動産に関して留置権を行使することができる。,Aが本件契約に基づく債務の弁済を怠った場合には、BはAの総財産に対して先取特権を行使することができる。,"Aが、期限が到来しているBの悪意による不法行為に基づく金1,000万円の損害賠償請求債権をBに対して有している場合、Aは本件契約に基づく返還債務をBに対する当該損害賠償請求債権で相殺することができる。",4
令和7年度,5,権利関係,民法（相続・代襲相続）,Aの子がBであり、Bの子がCであり、CがAの直系卑属である場合において、民法の規定によれば、次のアからエまでの記述のうち、Aが死亡した際にCがBを代襲してAの相続人となるときを全て掲げたものはどれか。ア：Aが死亡する以前にBが死亡したとき。イ：Bが相続に関するAの遺言書を偽造して相続権を失ったとき。ウ：BがAによって相続人から廃除されて相続権を失ったとき。エ：Bが相続放棄をしたとき。,ア、エ,イ、ウ,ア、ウ、エ,ア、イ、ウ,4
令和7年度,6,権利関係,民法（物権変動）,Aが所有している甲土地についての物権変動に関する次の記述のうち、民法の規定及び判例によれば、誤っているものはどれか。,BがAに無断でCに売却し、その後、BがAから甲土地を購入した場合、Cは、Bから甲土地を購入した時点に遡って甲土地の所有権を取得する。,DがAに無断でDへの虚偽の所有権の移転の登記をした上で、甲土地をEに売却してその旨の登記をした場合において、その後、AがFに甲土地を売却したときは、FはEに対し、甲土地の所有権を主張することができる。,Gが甲土地の所有権を時効取得した場合、Gはその後にAを単独相続したHに対して、登記を備えていなくても、甲土地の所有権を主張することができる。,Aが甲土地上の立木の所有権を留保して甲土地をJに売却し、その後、JがKに甲土地及びその上の立木を売却した場合には、Aは、Kに対し、立木の所有権の留保につき登記又は明認方法を備えない限り、立木の所有権を主張することができない。,1
令和7年度,7,権利関係,民法（賃貸借・事務管理・不当利得）,Aは自己の所有する甲建物を事務所としてBに賃貸し（本件契約）、その後、本件契約の期間中に甲建物の屋根に雨漏りが生じたため、CがBから甲建物の屋根の修理を請け負い、Cによる修理が完了した。この場合における次の記述のうち、民法の規定及び判例によれば、正しいものはどれか。,BがCに修理代金を支払わないまま無資力となり、賃料を滞納して本件契約が解除されたことにより甲建物はAに明け渡された。この場合、CはAに対して、事務管理に基づいて修理費用相当額の支払を求めることはできない。,BがCに修理代金を支払ったとしても、本件契約において、Aの負担に属するとされる甲建物の屋根の修理費用について直ちに償還請求することができる旨の特約がない限り、契約終了時でなければ、BはAに対して償還を求めることはできない。,BがCに修理代金を支払わない場合、Cは、Bが占有する甲建物につき、当然に不動産工事の先取特権を行使することができる。,BがCに修理代金を支払わないまま無資力となり、賃料を滞納して本件契約が解除されたことにより甲建物はAに明け渡された。本件契約において、BがAに権利金を支払わないことの代償として、甲建物の修理費用をBの負担とする旨の特約が存し、当該屋根の修理費用と権利金が相応していたときであっても、CはAに対して、不当利得に基づいて修理費用相当額の支払を求めることができる。,1
令和7年度,8,権利関係,民法（共有）,A、B及びCがそれぞれ3分の1の持分の割合で甲土地を共有している場合に関する次の記述のうち、民法の規定及び判例によれば、誤っているものはどれか。なお、甲土地を分割しない旨の契約は存在しないものとする。,甲土地につき無権利のDが、自己への虚偽の所有権移転登記をした場合には、Aは、単独で、Dに対し、その所有権移転登記の抹消を求めることができる。,Aが甲土地についての自己の持分を放棄した場合には、その持分は国庫に帰属する。,Aが死亡し、E及びFが相続した場合には、B及びCは、Aの遺産についての遺産分割がされる前であっても、E及びFに対して共有物分割の訴えを提起することができる。,AがB及びCに無断で甲土地を占有している場合であっても、Bは、Aに対し、当然には自己に甲土地を明け渡すように求めることができない。,2
令和7年度,9,権利関係,民法（連帯債務）,連帯債務者の一人について生じた次の事由のうち、民法の規定によれば、他の連帯債務者に対して効力が生じないものとして正しいものはどれか。なお、連帯債務者の一人について生じた事由が他の連帯債務者に対して効力が生じる旨の別段の意思表示はないものとする。,債権者がした連帯債務者の一人に対する履行の請求,連帯債務者の一人と債権者との間の混同,連帯債務者の一人が債権者に対して債権を有する場合において、その連帯債務者がした相殺の援用,連帯債務者の一人と債権者との間の更改,1
令和7年度,10,権利関係,民法・宅建業法（契約不適合責任）,Aを売主、Bを買主とする甲土地の売買契約による甲土地の引渡し後に、目的物の品質に関して契約の内容に適合しない土壌汚染が見つかった場合の売主の担保の責任（契約不適合責任）に基づく損害賠償に関する次の記述のうち、民法の規定、宅地建物取引業法の規定及び判例によれば、誤っているものはどれか。,Bは、甲土地の引渡しの日から11年が経過した時点で甲土地の土壌汚染を発見し、発見した時点から1年以内にAに通知した。Aが当該土壌汚染があることを重大な過失なく知らなかった場合、Aが宅地建物取引業者であるか否かにかかわらず、Bは損害賠償を請求することはできない。,甲土地の引渡しの日から3年以内に契約不適合の通知をしなければ売主は契約不適合責任を負わない旨の特約があり、Bが引渡しの日から4年が経過した時点で土壌汚染を発見して直ちにAに通知した。Aが当該土壌汚染があることを重大な過失なく知らなかった場合、Aが宅地建物取引業者であるか否かにかかわらず、Bは損害賠償を請求することはできない。,甲土地の引渡しの日から1年以内に契約不適合の通知をしなければ売主は契約不適合責任を負わない旨の特約があり、Aは甲土地に土壌汚染があることを売買契約締結時点で知っていて告げていなかった。Bが引渡しの日から3年が経過した時点で当該土壌汚染を発見して直ちにAに通知した場合、Aが宅地建物取引業者であるか否かによって、Bが損害賠償を請求できるか否かの結論が異なる。,売主は契約不適合責任を一切負わない旨の特約があり、Bは引渡しの日から1年が経過した時点で土壌汚染を発見して直ちにAに通知した。Aが当該土壌汚染があることを重大な過失なく知らなかった場合、Aが宅地建物取引業者であるか否かによって、Bが損害賠償を請求できるか否かの結論が異なる。,3
令和7年度,11,権利関係,借地借家法（借地権）,AがBとの間で、A所有の甲土地につき建物の所有を目的として一時使用目的ではない賃貸借契約（本件契約）を締結する場合に関する次の記述のうち、借地借家法の規定及び判例によれば、正しいものはどれか。,甲土地にBが賃借権の登記をしなくても、Bの配偶者であるCを所有者として登記されている建物が甲土地上に存在する場合には、甲土地がAからDに売却されても、BはDに対して甲土地に賃借権を有していることを主張できる。,本件契約の存続期間が50年であり、契約の更新及び建物の築造による存続期間の延長がない旨を定める場合、一定期間地代を減額せず、その期間は地代の減額請求ができない旨の特約を有効に定めることができる。,本件契約が専らBの事業の用に供する建物の所有を目的とし、存続期間が50年である場合、契約の更新及び建物の築造による存続期間の延長がない旨、並びにBが借地借家法第13条の規定による建物の買取りの請求をしない旨の特約を書面で有効に定めることができる。,本件契約が公正証書によって行われていれば、専らBの居住の用に供する建物の所有を目的とし、存続期間を20年と定めていても、Aは正当事由があれば、20年が経過した時点で遅滞なく異議を述べて更新を拒絶することができる。,3
令和7年度,12,権利関係,借地借家法（借家権）,Aを賃貸人、Bを賃借人とする甲建物の賃貸借契約（定期建物賃貸借契約及び一時使用目的の建物の賃貸借契約を除く。本件契約）に関する次の記述のうち、民法及び借地借家法の規定によれば、正しいものはどれか。,本件契約が期間の定めがないものである場合において、A又はBから相手方に対して解約の申入れをしたときは、当該申入れの日から6か月を経過することによって、本件契約は終了する。,本件契約が期間を2年とするものである場合において、A及びBのいずれも期間の満了の1年前から6か月前までの間に相手方に対して更新をしない旨の通知をしなかったときは、本件契約は、期間を2年として、従前の契約と同一の条件で更新されたものとみなされる。,AB間において、造作買取請求権は行使しない旨の特約があった場合、この特約は有効である。,本件契約が借地借家法第39条に規定する取壊し予定の建物の賃貸借であり、甲建物を取り壊すこととなる時に本件契約が終了する旨の特約を定める場合、本件契約は、公正証書によってしなければならない。,3
令和7年度,13,権利関係,区分所有法,建物の区分所有等に関する法律に関する次の記述のうち、誤っているものはどれか。,共用部分は、原則として区分所有者全員の共有に属するが、規約で別段の定めをすることを妨げず、管理者であっても、規約に特別の定めがあるときは、共用部分を所有することができる。,共用部分の持分の割合について、各共有者の共用部分の持分は、規約で別段の定めをしない限り、その有する専有部分の床面積の割合による。,集会の議事については、議長は、書面又は電磁的記録により、議事録を作成しなければならず、当該議事録には議事の経過の要領及びその結果を記載し、又は記録しなければならないとされているが、当該議事録が書面で作成されているときは、議長及び集会に出席した区分所有者全員がこれに署名しなければならない。,区分所有者が、建物の保存に有害な行為その他建物の管理又は使用に関し区分所有者の共同の利益に反する行為をした場合又はその行為をするおそれがある場合には、他の区分所有者の全員又は管理組合法人は、区分所有者の共同の利益のため、その行為を停止し、その行為の結果を除去し、又はその行為を予防するため必要な措置を執ることを請求することができる。,3
令和7年度,14,権利関係,不動産登記法,不動産の登記に関する次の記述のうち、不動産登記法の規定によれば、誤っているものはどれか。,登記官は、一筆の土地の一部が別の地目となったときであっても、職権でその土地の分筆の登記をすることができない。,登記事項証明書の交付の請求は、請求情報を電子情報処理組織を使用して登記所に提供する方法によりすることができる。,権利に関する登記の申請は、法令に別段の定めがある場合を除き、登記権利者及び登記義務者が共同してしなければならない。,建物の合併の登記は、表題部所有者又は所有権の登記名義人以外の者は、申請することができない。,1
令和7年度,15,法令上の制限,都市計画法（地域地区）,都市計画法に関する次の記述のうち、誤っているものはどれか。,風致地区は、都市の風致を維持するため定める地区であり、当該地区内における建築物の建築について、政令の定める基準に従い、地方公共団体の条例で、都市の風致を維持するため必要な規制をすることができる。,特定街区は、市街地の整備改善を図るため街区の整備又は造成が行われる地区について、その街区内における建築物の容積率並びに建築物の高さの最高限度及び壁面の位置の制限を定める街区である。,近隣商業地域は、近隣の住宅地の住民に対する日用品の供給を行うことを主たる内容とする商業その他の業務の利便を増進するため定める地域である。,生産緑地地区は、農業の利便の増進を図りつつ、これと調和した低層住宅に係る良好な住居の環境を保護するため定める地区である。,4
令和7年度,16,法令上の制限,都市計画法（開発許可）,都市計画法に関する次の記述のうち、正しいものはどれか。ただし、条例による特別の定めはないものとし、「都道府県知事」とは、地方自治法に基づく指定都市、中核市及び施行時特例市にあってはその長をいうものとする。,市街化調整区域のうち開発許可を受けた開発区域以外の区域において行う、学校教育法に規定する学校の新築については、都道府県知事の許可が不要である。,開発行為とは、主として建築物の建築又は特定工作物の建設の用に供する目的で行う土地の区画形質の変更をいい、ゴルフコースの建設は開発行為にはあたらない。,"区域区分が定められていない都市計画区域において、商業施設の建築の用に供する目的で行う4,000㎡の開発行為は都道府県知事の許可が不要である。",自己の居住の用に供する住宅の建築を目的として行う開発行為以外の開発行為にあっては、原則として開発区域内に建築基準法に規定する災害危険区域内の土地を含んではならない。,4
令和7年度,17,法令上の制限,建築基準法（総則・構造）,建築基準法に関する次の記述のうち、誤っているものはどれか。,建築主は、建築確認が必要な建築物を建築しようとする場合は、当該建築物の計画を建築基準法令の規定に適合させるだけでなく、建築基準法令の規定以外の宅地造成及び特定盛土等規制法などの建築基準関係規定にも適合するものであることについて確認を受ける必要がある。,建築主は、2階建ての木造住宅を新築しようとする場合は、当該工事に着手する前に、その計画が建築基準関係規定に適合するものであることについて、確認を受け、確認済証の交付を受ける措置が必要となるが、当該住宅の大規模の修繕をしようとする場合には、当該措置は不要である。,"延べ面積が1,000㎡を超える木造建築物は、その外壁及び軒裏で延焼のおそれのある部分を防火構造としなければならない。",高さ1m以下の階段の部分には、手すりを設けなくてもよい。,2
令和7年度,18,法令上の制限,建築基準法（用途制限・容積率等）,次の記述のうち、建築基準法の規定によれば、正しいものはどれか。,都市再生特別地区内においては、建築物の容積率、建蔽率及び建築面積は当該地区に関する都市計画において定められた内容に適合するものでなければならないが、その高さは法第56条の高さの制限に関する規定に適合させる必要がある。,"2階建てかつ床面積1,000㎡の飲食店は、第一種低層住居専用地域、第二種低層住居専用地域、第一種中高層住居専用地域、工業専用地域及び田園住居地域に建築することができない。",特定行政庁による認可を受けて公告された建築協定は、その後、当該協定の土地の所有者等の全員で合意したときに限り、その公告のあった日以後において当該建築協定区域内の土地の所有者等となった者に対しても効力が及ぶこととなる。,建築物のエネルギー消費性能の向上のため必要な外壁等に関する工事を行う場合、公益性が高いことから特定行政庁の許可を受けることなく、法第52条の規定による容積率の限度を超えることができる。,2
令和7年度,19,法令上の制限,宅地造成及び特定盛土等規制法,宅地造成及び特定盛土等規制法に関する次の記述のうち、誤っているものはどれか。,工事主は、特定盛土等規制区域内において行われる特定盛土等又は土石の堆積に関する政令で定める規模の工事の許可の申請をするときは、あらかじめ、主務省令で定めるところにより、特定盛土等又は土石の堆積に関する工事の施行に係る土地の周辺地域の住民に対し、説明会の開催その他の当該特定盛土等又は土石の堆積に関する工事の内容を周知させるため必要な措置を講じなければならない。,宅地造成等工事規制区域内の土地の工事主又は工事施行者は、宅地造成等に伴う災害が生じないよう、その土地を常時安全な状態に維持するように努めなければならない。,都道府県知事は、宅地造成等工事規制区域内の土地について、宅地造成等に伴う災害の防止のために必要があると認める場合においては、その土地の所有者、管理者、占有者、工事主又は工事施行者に対して、擁壁等の設置等の必要な措置をとることを勧告することができる。,宅地造成等工事規制区域内において行われる宅地造成等に関する工事の許可を受けた工事主は、当該許可に係る土地の見やすい場所に、主務省令で定めるところにより、氏名又は名称その他の主務省令で定める事項を記載した標識を掲げなければならない。,2
令和7年度,20,法令上の制限,土地区画整理法,土地区画整理法に関する次の記述のうち、誤っているものはどれか。,個人施行者は、その者以外に換地計画に係る区域内の宅地を所有する者（当該宅地の所有権について施行者に対抗することができない者を除く。）がある場合においては、換地計画について認可を申請しようとするときは、これらの者の同意を得なければならない。,国又は地方公共団体の所有する土地以外であって道路の用に供している土地については、土地区画整理事業の施行により当該道路に代わるべき道路が設置され、その結果、当該道路が廃止される場合等においては、換地計画において、当該土地について換地を定めないことができる。,従前の宅地の所有者及びその宅地について使用収益権を有する者が、仮換地について使用又は収益を開始することができる日を別に定められたため、従前の宅地について使用し、又は収益することができなくなったことにより損失を受けた場合においては、施行者は、その損失を受けた者に対して、通常生ずべき損失を補償しなければならない。,仮換地の指定があった日後、土地区画整理事業の施行による施行地区内の土地及び建物の変動に係る登記がされるまでの間は、登記の申請人が確定日付のある書類によりその指定前に登記原因が生じたことを証明した場合を除き、施行地区内の土地及び建物に関しては他の登記をすることができない。,4
令和7年度,21,法令上の制限,農地法,農地に関する次の記述のうち、農地法の規定によれば、誤っているものはどれか。,市街化区域外にある農地の転用の申請に係る事業が住宅の用に供される土地の造成だけを目的としている場合、申請に係る農地の全てを住宅の用に供することが確実と認められないときには、法第4条第1項又は法第5条第1項の許可を受けることができない。,仮設工作物を設置するため、市街化区域外にある農地の所有権を取得しようとする場合には、法第5条第1項の許可を受けることができない。,農地の賃貸借は、その登記がなくても、農地の引渡しがあったときは、これをもってその後その農地について所有権を取得した第三者に対抗することができる。,法人の代表者が、その法人の業務に関し、法第4条第1項又は法第5条第1項の規定に違反して農地の転用をした場合には、その代表者が罰せられるほか、その法人も300万円以下の罰金刑が科せられる。,4
令和7年度,22,法令上の制限,国土利用計画法,国土利用計画法第23条の届出（事後届出）に関する次の記述のうち、正しいものはどれか。,"市街化区域内においてAが所有する面積3,500㎡の土地について、Bが2,000㎡、Cが1,500㎡とそれぞれ分割して購入した場合、B及びCはともに事後届出を行わなければならない。","都市計画区域外においてDが所有する面積12,000㎡の土地について、Eが担保権の実行による競売を通じて所有権を取得した場合、Eは事後届出を行わなければならない。","Fが、自ら所有する市街化調整区域内の7,000㎡の土地について、宅地建物取引業者Gと売買契約を締結した場合には、Gは契約を締結した日から1か月以内に事後届出を行う必要がある。","市街化区域内に所在する一団の土地である甲土地（面積1,200㎡）と乙土地（面積1,300㎡）について、甲土地については売買によって所有権を取得し、乙土地については対価の授受を伴わず賃借権の設定を受けたHは、事後届出を行う必要はない。",4
令和7年度,23,税・その他,登録免許税,土地の売買による所有権の移転登記等に係る登録免許税の税率の軽減措置に関する次の記述のうち、正しいものはどれか。,この税率の軽減措置は、地目が雑種地となっている土地の売買による所有権の移転登記についても適用される。,"この税率の軽減措置の適用対象となる土地は、その価額が1,000万円未満のものに限られる。",この税率の軽減措置は、法人が土地の売買による所有権の移転登記を受ける場合には適用されない。,"この税率の軽減措置の適用対象となる土地は、その面積が1,000㎡未満のものに限られる。",1
令和7年度,24,税・その他,固定資産税,固定資産税に関する次の記述のうち、正しいものはどれか。,住宅用地のうち小規模住宅用地（200㎡以下）に対して課する固定資産税の課税標準は、当該小規模住宅用地に係る固定資産税の課税標準となるべき価格の3分の1の額である。,市町村長は、納税義務者等の求めに応じ、法令で定めるところにより固定資産課税台帳を閲覧に供しなければならない。ただし、当該部分に記載されている住所が明らかにされることにより人の生命又は身体に危害を及ぼすおそれがある場合、当該住所を削除する等の措置を講じたもの又はその写しを閲覧に供することができる。,市町村は、土地、家屋又は償却資産に対して課する固定資産税額が、土地にあっては30万円、家屋にあっては20万円、償却資産にあっては150万円に満たない場合においては、原則として固定資産税を課することができない。,固定資産税は、固定資産の所有者として、登記簿又は土地補充課税台帳若しくは家屋補充課税台帳に所有者として登記又は登録されている者に対して課されるため、所有者として登記又は登録されている個人が賦課期日前に死亡している場合、固定資産課税台帳に新たな所有者が登録されていなければ何人に対しても固定資産税を課することはできない。,2
令和7年度,25,税・その他,不動産鑑定評価基準,不動産の鑑定評価に関する次の記述のうち、不動産鑑定評価基準によれば、誤っているものはどれか。,価格形成要因のうち個別的要因とは、一般経済社会における不動産のあり方及びその価格の水準に影響を与える要因をいい、自然的要因、社会的要因、経済的要因及び行政的要因に大別される。,収益還元法は、賃貸用不動産又は賃貸以外の事業の用に供する不動産の価格を求める場合に特に有効な手段であり、自用の不動産であっても賃貸を想定することにより適用される。,原価法における減価修正の方法としては、耐用年数に基づく方法と、観察減価法の2つの方法があり、これらは併用するものとする。,対象建築物に関する工事が完了していない場合でも、当該工事の完了を前提として鑑定評価を行うことがある。,1
令和7年度,26,宅建業法,宅建業法（報酬）,宅地建物取引業者A（消費税課税事業者）及び宅地建物取引業者B（消費税課税事業者）が受領した報酬に関するアからウの記述のうち、宅地建物取引業法の規定によれば、誤っているものを全て掲げたものは1から4のうちどれか。,ア、イ,イ、ウ,ア、ウ,ア、イ、ウ,4
令和7年度,27,宅建業法,宅建業法（重要事項説明）,宅地建物取引業者が行う宅地建物取引業法第35条に規定する重要事項の説明及び重要事項説明書の交付に関する次の記述のうち、正しいものはどれか。ただし、説明の相手方は宅地建物取引業者ではないものとする。,宅地建物取引業者は、区分所有建物の売買の媒介を行う場合に、当該一棟の建物及びその敷地の管理が法人に委託されているときは、その委託を受けている法人の商号又は名称及び主たる事務所の所在地を説明しなければならない。,宅地建物取引業者は、自身が売主となる場合に、重要事項説明書の交付に当たり、専任の宅地建物取引士をして当該書面に記名させなければならず、また、買主にも当該書面に記名させなければならない。,宅地建物取引業者は、重要事項を説明する際には、宅地建物取引業者の事務所において行わなければならない。,宅地建物取引業者は、自身が売主となる場合であっても、買主に対して、天災その他不可抗力による損害の負担に関する定めがあるときは、その内容を説明しなければならない。,1
令和7年度,28,宅建業法,宅建業法（業務規制・広告・媒介契約）,宅地建物取引業者の業務に関する次の記述のうち、宅地建物取引業法の規定によれば、正しいものはいくつあるか。,一つ,二つ,三つ,なし,2
令和7年度,29,宅建業法,宅建業法（37条書面）,宅地建物取引業者Aが宅地建物取引業法第37条の規定により交付すべき書面（37条書面）に関する次の記述のうち、正しいものはどれか。,Aが媒介により事業用宅地の賃貸借契約を成立させた場合、37条書面を交付しなければならないが、契約の当事者Bが宅地建物取引業者であるときは、交付する必要はない。,Aが自ら売主としてCと既存の建物の売買契約を締結した場合、建物の構造耐力上主要な部分等の状況について当事者の双方が確認した事項を37条書面に記載しなければならない。,AがDを売主としEを買主とする宅地の売買契約を媒介した場合、天災その他不可抗力による損害の負担に関する定めがないときは、定めがない旨を37条書面に記載しなければならない。,Aが自ら売主としてFと建物の売買契約を締結した場合、代金についての金銭の貸借のあっせんに関する定めがある場合における当該あっせんに係る金銭の貸借が成立しないときの措置については、37条書面に記載する必要はない。,2
令和7年度,30,宅建業法,宅建業法（重要事項説明・手付金・クーリングオフ）,"いずれも宅地建物取引業者であるA社、B社及びC社（売主ら）が、分譲マンションを共同で建築、販売することとなり、建築確認を受けた後、工事完了前にその一室を5,000万円で宅地建物取引業者ではない個人である買主に売却しようとする場合に関する次の記述のうち、宅地建物取引業法に違反するものはいくつあるか。",一つ,二つ,三つ,四つ,3
令和7年度,31,宅建業法,宅建業法（禁止行為）,次の記述のうち、宅地建物取引業法により禁止されている行為が含まれているものはいくつあるか。,一つ,二つ,三つ,四つ,4
令和7年度,32,宅建業法,宅建業法（自ら売主制限・手付金等）,"宅地建物取引業者Aが、自ら売主として、宅地建物取引業者ではないBとの間でマンション（代金4,000万円）の売買契約を締結した場合に関する次の記述のうち、宅地建物取引業法の規定に違反しないものはどれか。",Aは、建築工事完了前のマンションの売買契約を締結する際にBから手付金200万円を受領し、さらに建築工事中に200万円を中間金として受領した後、当該手付金と中間金について法第41条に定める保全措置を講じた。,Aは、建築工事完了後のマンションの売買契約を締結する際に、法第41条の2に定める保全措置を講じることなくBから手付金400万円を受領した。,Aは、建築工事完了前のマンションの売買契約を締結する際にBから手付金500万円を受領したが、Bに債務不履行がないにもかかわらず当該手付金500万円を返還して、契約を一方的に解除した。,"Aは、建築工事完了後のマンションの売買契約を締結する際に、当事者の債務の不履行を理由とする契約の解除に伴う損害賠償の予定額を1,000万円とする特約を定めた。",2
令和7年度,33,宅建業法,宅建業法（重要事項説明・37条書面）,宅地建物取引業者Aが行う業務に関する次の記述のうち、宅地建物取引業法の規定によれば、誤っているものはいくつあるか。,一つ,二つ,三つ,四つ,3
令和7年度,34,宅建業法,宅建業法（免許・欠格事由）,宅地建物取引業の免許に関する次の記述のうち、宅地建物取引業法の規定によれば、正しいものはいくつあるか。,一つ,二つ,三つ,四つ,3
令和7年度,35,宅建業法,宅建業法（営業保証金）,宅地建物取引業者A（甲県知事免許）の営業保証金に関する次の記述のうち、宅地建物取引業法の規定によれば、正しいものはどれか。なお、Aは宅地建物取引業保証協会の社員ではないものとする。,免許の有効期間満了の際、Aが営業保証金を取り戻そうとする場合には、供託した営業保証金につき還付を受ける権利を有する者に対し、6か月を下らない一定期間内に申し出るべき旨を官報に公告しなければならない。,Aが営業保証金を供託する場合において、金銭と有価証券を併用して供託することができるが、従たる事務所を設置したときの営業保証金については、金銭のみをもって供託しなければならない。,Aは、事業の開始後新たに乙県に従たる事務所を設置したときは、従たる事務所の最寄りの供託所に営業保証金を供託し、その供託物受入の記載のある供託書の写しを添付して、その旨を甲県知事に届け出なければならない。,Aの設置した支店においてAと宅地建物取引業に関する取引をした者は、その取引により生じた債権に関し、500万円を限度としてその債権の弁済を受ける権利を有する。,1
令和7年度,36,宅建業法,宅建業法（禁止行為・誇大広告等）,宅地建物取引業者Aの業務に関する次の記述のうち、宅地建物取引業法の規定によれば、禁止されているものはいくつあるか。,一つ,二つ,三つ,四つ,4
令和7年度,37,宅建業法,宅建業法（重要事項説明）,宅地建物取引業者が行う宅地建物取引業法第35条に規定する重要事項の説明に関する次の記述のうち、正しいものはどれか。なお、説明の相手方は宅地建物取引業者ではないものとする。,建物の貸借の媒介を行う場合、当該建物が都市計画法の準防火地域内にあり、建築基準法第61条第1項に基づく建物の構造に係る制限があるときは、その概要を説明しなければならない。,マンションの分譲を行う場合、建物の区分所有等に関する法律第2条第3項に規定する専用部分の用途その他の利用の制限に関する規約の定めが案の段階であるときは、説明する必要はない。,建物の貸借の媒介を行う場合、借賃以外に授受される金銭の額、授受の目的及び保管方法を説明しなければならない。,鉄筋コンクリート造の既存の共同住宅の販売を行う場合、宅地建物取引業法第34条の2第1項第4号に規定する建物状況調査を1年6か月前に実施したときは、建物状況調査を実施したこと、その結果の概要について説明しなくてはならない。,4
令和7年度,38,宅建業法,宅建業法（広告・取引態様）,宅地建物取引業者Aが行う業務に関する次の記述のうち、宅地建物取引業法の規定によれば、誤っているものはいくつあるか。,一つ,二つ,三つ,四つ,3
令和7年度,39,宅建業法,宅建業法（媒介契約）,宅地建物取引業者Aが、BからB所有の中古住宅の売却について媒介の依頼を受けた場合における次の記述のうち、宅地建物取引業法の規定によれば、正しいものはどれか。,AがBとの間で専属専任媒介契約を締結し、Bから「売り出し中であることを秘密にしておきたいので指定流通機構への登録はしないでほしい」旨の申出があった場合、Aは、そのことを理由に登録をしなかったとしても法に違反しない。,Aは、Bとの間で有効期間を1か月とする専属専任媒介契約を締結する際、「Bが媒介契約を更新する旨を申し出ない場合は、有効期間満了により自動更新するものとする」旨の特約は有効である。,AがBと一般媒介契約を締結したときは、法第34条の2第1項の規定に基づき交付すべき書面に、宅地建物取引士をして記名させなければならない。,AがBとの間で専属専任媒介契約を締結した場合、Aは、当該中古住宅の取引の申込みの受付に関する状況を指定流通機構に登録しなければならない。,4
令和7年度,40,宅建業法,宅建業法（クーリングオフ）,宅地建物取引業者Aが、自ら売主として、宅地建物取引業者Bの媒介により、宅地建物取引業者ではない買主Cとの間で宅地の売買契約を締結した場合、宅地建物取引業法第37条の2の規定に基づくいわゆるクーリング・オフに関する次の記述のうち、正しいものはいくつあるか。,一つ,二つ,三つ,なし,3
令和7年度,41,宅建業法,宅建業法（免許）,宅地建物取引業の免許（以下「免許」という。）に関する次の記述のうち、宅地建物取引業法の規定によれば、正しいものはどれか。,宅地建物取引業者A（甲県知事免許）が免許を受けてから1年以内に事業を開始しないときは、甲県知事は免許を取り消さなければならない。,宅地建物取引業者B（甲県知事免許）が株主総会の決議により解散した場合、Bを代表する役員であった者は、その旨を当該解散の日から60日以内に甲県知事に届け出なければならない。,宅地建物取引業者ではないCが甲県に本店を、乙県に支店をそれぞれ有する場合で、乙県の支店のみで新たに宅地建物取引業を営もうとするときは、Cは乙県知事の免許を受けなければならない。,宅地建物取引業者D（甲県知事免許）は、甲県の事務所を廃止し、乙県内で新たに事務所を設置して宅地建物取引業を営もうとする場合、甲県知事へ廃業の届出を行うとともに、乙県知事への免許換えの申請を行わなければならない。,1
令和7年度,42,宅建業法,宅建業法（宅地建物取引士）,宅地建物取引士に関する次の記述のうち、宅地建物取引業法の規定によれば、正しいものはいくつあるか。なお、宅地建物取引士は、事務の禁止の処分を受けていないものとする。,一つ,二つ,三つ,四つ,2
令和7年度,43,宅建業法,宅建業法（重要事項説明）,宅地建物取引業者が行う宅地建物取引業法第35条に規定する重要事項の説明に関する次の記述のうち、正しいものはいくつあるか。なお、説明の相手方は宅地建物取引業者ではないものとする。,一つ,二つ,三つ,四つ,4
令和7年度,44,宅建業法,犯罪収益移転防止法,宅地建物取引業者は、犯罪による収益の移転防止に関する法律第2条第2項の特定事業者に該当するが、宅地建物取引業者Aの行為に関する次の記述のうち、同法に違反するものはどれか。,Aは、土地付建物の売買を行うに際して、当該売買契約の相手方である買主が自然人であったので、氏名、住居、生年月日、取引を行う目的及び職業について、確認した。,"Aは、価額が5,000万円の土地付建物の売買を行ったとき、直ちに、一定の方法により、当該売買契約の相手方である買主の確認記録を検索するための事項、当該取引の期日及び内容その他の事項に関する記録を作成して保存していたが、当該取引の行われた日から5年経過したので、当年度末に当該記録を廃棄した。",Aは、土地付建物の売買契約の相手方である買主から収受した代金について犯罪により得た収益であるとの疑いがあったので、速やかに、所定の事項を行政庁に届け出た。,Aは、取引時確認、取引記録等の保存、疑わしい取引の届出等の措置を的確に行うため、顧客と実際に接する営業担当者に対する教育訓練を実施した。,2
令和7年度,45,宅建業法,特定住宅瑕疵担保責任履行確保法,特定住宅瑕疵担保責任の履行の確保等に関する法律に基づく住宅販売瑕疵担保保証金の供託又は住宅販売瑕疵担保責任保険契約の締結に関する次の記述のうち、正しいものはどれか。,宅地建物取引業者は、基準日から3週間を経過する日までの間において、当該基準日前15年間に自ら売主となる売買契約に基づき宅地建物取引業者ではない買主に引き渡した新築住宅（保険契約に係る新築住宅を除く。）について、保証金の供託をしていなければならない。,宅地建物取引業者は、自ら売主となる売買契約に基づき新築住宅を引き渡す場合だけでなく、新築住宅の売買の媒介をする場合においても、保証金の供託又は保険契約の締結をしなければならない。,保険契約を締結している宅地建物取引業者は、新築住宅を引き渡した時から10年間、構造耐力上主要な部分の瑕疵によって生じた損害についてのみ当該保険契約に係る保険金を請求することができる。,保険契約を締結している宅地建物取引業者及び当該業者が売主となっている新築住宅の買主は、指定住宅紛争処理機関に特別住宅紛争処理の申請をすることにより、当該新築住宅の売買契約に関する宅地建物取引業者と買主との間の紛争について、あっせん、調停又は仲裁を受けることができる。,4
令和7年度,46,税・その他,住宅金融支援機構法,独立行政法人住宅金融支援機構に関する次の記述のうち、誤っているものはどれか。,機構は、災害により住宅が滅失した場合におけるその住宅に代わるべき住宅の建設又は購入に係る貸付金について、一定の元金返済の据置期間を設けることができる。,機構は、証券化支援事業（買取型）において、債務者又は債務者の親族が居住する住宅のみならず、賃貸住宅の建設又は購入に必要な資金の貸付けに係る金融機関の貸付債権についても譲受けの対象としている。,機構は、高齢者が自ら居住する住宅に対して行うバリアフリー工事に係る貸付けについて、貸付金の償還を高齢者の死亡時に一括して行うという制度を設けている。,機構は、市街地の土地の合理的な利用に寄与する一定の建築物の建設に必要な資金の貸付けを業務として行っている。,2
令和7年度,47,税・その他,景品表示法・公正競争規約,宅地建物取引業者が行う広告に関する次の記述のうち、不当景品類及び不当表示防止法（不動産の表示に関する公正競争規約を含む。）の規定によれば、正しいものはどれか。,団地（一団の宅地又は建物をいう。）と駅との間の道路距離は、取引する区画のうち駅から最も近い区画（マンション及びアパートにあっては、駅から最も近い建物の出入口）を起点として算出した数値又は駅から最も遠い区画（マンション及びアパートにあっては、駅から最も遠い建物の出入口）を起点として算出した数値のいずれかを表示しなければならない。,新築分譲マンションを販売するに当たり、住戸により管理費の額が異なる場合であって、その全ての住宅の管理費を表示することが困難であるときは、最高額のみで表示することができる。,物件の近くに新設される予定の駅等又はバスの停留所については、当該路線の運行主体が公表していれば、現に利用できるものではなくても新設予定時期を明示して表示することができる。,道路距離80mにつき1分間を要するものとして、賃貸物件から最寄りの駅までの徒歩による所要時間を算出したところ15分50秒であった。この場合、当該所要時間を15分と表示してよい。,3
令和7年度,48,税・その他,統計（住宅着工・地価・土地取引）,次の記述のうち、正しいものはどれか。,年次別法人企業統計調査（令和5年度。令和6年9月公表）によれば、令和5年度における不動産業の営業利益は7兆円を超えているが、前年度に比べ減少した。,建築着工統計調査報告（令和6年計。令和7年1月公表）によれば、令和6年の新設住宅着工戸数は、持家、分譲住宅のいずれにおいても前年に比べ減少した。,令和7年地価公示（令和7年3月公表）によれば、令和6年1月以降の1年間の地価変動率は、三大都市圏平均では住宅地、商業地ともに上昇となったものの、地方圏平均では住宅地、商業地ともに下落となった。,令和7年版土地白書（令和7年5月公表）によれば、土地取引について、売買による所有権の移転登記の件数でその動向を見ると、令和6年の全国の土地取引件数は200万件を超えており、前年に比べ大きく増加した。,2
令和7年度,49,税・その他,土地（地形・地盤）,土地に関する次の記述のうち、最も不適当なものはどれか。,川沿いの低地に堆積している川が運んだ土砂は、重い構造物を支持できる。,砂州や砂丘には、粒径のそろった砂が堆積しており、地下水位が浅い箇所では、液状化しやすくなる。,丘陵地は、山地ほど斜面の勾配がきつくなく、山地に比べ斜面崩壊は生じ難いといえる。,台地は低地より古い時代に形成された地盤であり、一般に構造物を支持できる強度を有している。,1
令和7年度,50,税・その他,建物（構造・材料）,建物の構造と材料に関する次の記述のうち、最も不適当なものはどれか。,鋼材の素材の鋼は、鉄や炭素などの成分を含んでおり、炭素量が多いものほど、軟質で強度が小さい。,鋼材は、熱に弱く、さびやすいので、耐火や防錆の処理を施す必要がある。,鋼材は、強度が高く、粘りがあり、比較的小さな断面部材で荷重に耐えることができる。,鋼材の素材の鋼の密度は、木材やコンクリートに比べて大きい。,1
